keystroke: 4, 1621693835.646005
keystroke: 4, 1621693836.022628
keystroke: 4, 1621693836.4697778
keystroke: 4, 1621693836.884973
keystroke: 4, 1621693837.255608
keystroke: 4, 1621693837.602489
keystroke: 4, 1621693837.940629
keystroke: 4, 1621693838.259728
keystroke: 4, 1621693838.588737
keystroke: 4, 1621693838.8953989
keystroke: 4, 1621693839.5175722
keystroke: 4, 1621693839.890794
keystroke: 4, 1621693840.21667
keystroke: 4, 1621693840.587156
keystroke: 4, 1621693840.958698
keystroke: 4, 1621693841.289897
keystroke: 4, 1621693841.606754
keystroke: 4, 1621693841.9166431
keystroke: 4, 1621693842.122821
keystroke: 4, 1621693842.424756
keystroke: 4, 1621693842.698671
keystroke: 4, 1621693843.003849
keystroke: 4, 1621693843.321549
keystroke: 4, 1621693843.6430862
keystroke: 4, 1621693843.962828
keystroke: 4, 1621693844.259901
keystroke: 4, 1621693844.587667
keystroke: 4, 1621693844.9048588
keystroke: 4, 1621693845.089513
keystroke: 4, 1621693845.316589
keystroke: 4, 1621693845.5833669
keystroke: 4, 1621693845.891864
keystroke: 4, 1621693846.1678789
keystroke: 4, 1621693846.487521
keystroke: 4, 1621693846.802382
keystroke: 4, 1621693847.1079621
keystroke: 4, 1621693847.4207501
keystroke: 4, 1621693847.715306
keystroke: 4, 1621693848.013959
keystroke: 4, 1621693848.286309
keystroke: 4, 1621693848.47858
keystroke: 4, 1621693848.750199
keystroke: 4, 1621693849.026483
keystroke: 4, 1621693849.3195882
keystroke: 4, 1621693849.603385
keystroke: 4, 1621693849.907679
keystroke: 4, 1621693850.224436
keystroke: 4, 1621693850.546627
keystroke: 4, 1621693850.842346
keystroke: 4, 1621693851.134689
keystroke: 4, 1621693851.4097989
keystroke: 4, 1621693851.676815
keystroke: 4, 1621693851.944546
keystroke: 4, 1621693852.255439
keystroke: 4, 1621693852.5595572
keystroke: 4, 1621693852.849737
keystroke: 4, 1621693853.155023
keystroke: 4, 1621693853.469526
keystroke: 4, 1621693853.7634099
keystroke: 4, 1621693854.098484
keystroke: 4, 1621693854.509727
keystroke: 4, 1621693854.921512
keystroke: 4, 1621693855.2694972
keystroke: 4, 1621693855.615307
keystroke: 4, 1621693856.0151172
keystroke: 4, 1621693856.225693
keystroke: 4, 1621693856.4709592
keystroke: 4, 1621693856.738794
keystroke: 4, 1621693856.995589
keystroke: 4, 1621693857.286483
keystroke: 4, 1621693857.59377
keystroke: 4, 1621693858.3632221
keystroke: 4, 1621693858.635438
keystroke: 4, 1621693858.823375
keystroke: 4, 1621693859.027254
keystroke: 4, 1621693859.208066
keystroke: 4, 1621693859.459074
keystroke: 4, 1621693859.819434
keystroke: 4, 1621693860.17216
keystroke: 4, 1621693860.5269482
keystroke: 4, 1621693860.885516
keystroke: 4, 1621693861.285456
keystroke: 4, 1621693861.687912
keystroke: 4, 1621693862.061673
keystroke: 4, 1621693862.4452748
keystroke: 4, 1621693862.818377
keystroke: 4, 1621693863.167517
keystroke: 4, 1621693863.5334458
keystroke: 4, 1621693863.92814
keystroke: 4, 1621693864.2994308
keystroke: 4, 1621693864.649175
keystroke: 4, 1621693865.015595
keystroke: 4, 1621693865.3850582
keystroke: 4, 1621693865.767005
keystroke: 4, 1621693866.1346939
keystroke: 4, 1621693866.504246
keystroke: 4, 1621693866.8200262
keystroke: 4, 1621693867.0978649
keystroke: 4, 1621693867.3827572
keystroke: 4, 1621693867.6241658
keystroke: 4, 1621693867.902974
keystroke: 4, 1621693868.175915
keystroke: 4, 1621693868.438276
keystroke: 4, 1621693868.696866
keystroke: 4, 1621693868.97587
keystroke: 4, 1621693869.243977
keystroke: 4, 1621693869.5197928
keystroke: 4, 1621693869.7936041
keystroke: 4, 1621693870.11341
keystroke: 4, 1621693870.4243982
keystroke: 4, 1621693870.703917
keystroke: 4, 1621693870.939053
keystroke: 4, 1621693871.211099
keystroke: 4, 1621693871.5109959
keystroke: 4, 1621693871.799986
keystroke: 4, 1621693872.0588648
keystroke: 4, 1621693872.33181
keystroke: 4, 1621693872.576928
keystroke: 4, 1621693872.859217
keystroke: 4, 1621693873.189217
keystroke: 4, 1621693873.481237
keystroke: 4, 1621693873.672241
keystroke: 4, 1621693873.857942
keystroke: 4, 1621693874.075744
keystroke: 4, 1621693874.3649979
keystroke: 4, 1621693874.607008
keystroke: 4, 1621693874.8998919
keystroke: 4, 1621693875.211964
keystroke: 4, 1621693875.483121
keystroke: 4, 1621693875.7885299