button: 3, 1621693772.859362
button: 3, 1621693773.035219
button: 3, 1621693773.2032042
button: 3, 1621693773.3713849
button: 3, 1621693773.547248
button: 3, 1621693773.7234192
button: 3, 1621693773.8903906
button: 3, 1621693774.0664241
button: 3, 1621693774.2354846
button: 3, 1621693774.41134
button: 3, 1621693774.586332
button: 3, 1621693774.7544634
button: 3, 1621693774.9224339
button: 3, 1621693775.1064415
button: 3, 1621693775.2744317
button: 3, 1621693775.4504716
button: 3, 1621693775.6266124
button: 3, 1621693775.8105648
button: 3, 1621693775.9865537
button: 3, 1621693776.162504
button: 3, 1621693776.3466387
button: 3, 1621693776.498737
button: 3, 1621693776.6906235
button: 3, 1621693776.8905704
button: 3, 1621693777.0665884
button: 3, 1621693777.2507522
button: 3, 1621693777.4347107
button: 3, 1621693777.6187198
button: 3, 1621693777.818648
button: 3, 1621693777.9866662
button: 3, 1621693778.186788
button: 3, 1621693778.3547826
button: 3, 1621693778.5547974
button: 3, 1621693778.7308123
button: 3, 1621693778.9388196
button: 3, 1621693779.1229217
button: 3, 1621693779.2988086
button: 3, 1621693779.4907887
button: 3, 1621693779.6908371
button: 3, 1621693779.8988914
button: 3, 1621693780.0749233
button: 3, 1621693780.2749112
button: 3, 1621693780.458993
button: 3, 1621693780.6269908
button: 3, 1621693780.826929
button: 3, 1621693781.027023
button: 3, 1621693781.2271137
button: 3, 1621693781.4190927
button: 3, 1621693781.611114
button: 3, 1621693781.7950904
button: 3, 1621693781.9871259
button: 3, 1621693782.187202
button: 3, 1621693782.3711188
button: 3, 1621693782.5622282
button: 3, 1621693782.7463968
button: 3, 1621693782.9302557
